"# 2026-07-23 일자컵 3D프린터(10, 2.5) — 슬롯별 예측 반지름(mm). 유효 슬롯 수는 모델별 예측높이/10mm 올림. 그 아래 행은 참고용."
슬롯,z구간_mm,★전문가결합(H=nodetach_bestH + r=uni),base_ratio.pt,base_ratio_smoke.pt,base_ratio_smoke_bestH.pt,base_ratio_v2.pt,rnn_continuity.pt,rnn_continuity_bestH.pt,rnn_d128_reg.pt,rnn_d128_reg_bestH.pt,rnn_nodetach_d128.pt,rnn_nodetach_d128_bestH.pt,rnn_ratio.pt,rnn_ratio_bestH.pt,rnn_ratio_nodetach.pt,rnn_ratio_nodetach_bestH.pt,rnn_ratio_v2a.pt,rnn_ratio_v2a_bestH.pt,rnn_reg.pt,rnn_reg_bestH.pt,rnn_rev.pt,rnn_rev_bestH.pt,rnn_uni.pt,rnn_uni_bestH.pt,rnn_uni_cont.pt,rnn_uni_cont_bestH.pt,set_reg.pt,set_reg_bestH.pt
0,0~10,23.51,20.92,30.8,30.8,18.08,23.02,18.59,21.16,21.16,16.3,16.3,20.14,20.14,21.23,21.23,13.95,13.95,17.37,21.05,26.29,26.29,23.51,24.37,22.94,24.06,13.78,13.78
1,10~20,22.09,21.2,45.62,45.62,17.14,20.43,18.11,20.27,20.27,17.07,17.07,19.26,19.26,19.59,19.59,13.49,13.49,15.93,20.0,23.44,23.44,22.09,22.09,20.54,20.59,12.23,12.23
2,20~30,20.61,19.14,31.17,31.17,16.71,16.92,17.84,19.48,19.48,15.79,15.79,18.41,18.41,18.94,18.94,13.02,13.02,15.83,17.56,20.68,20.68,20.61,19.64,17.34,15.95,12.59,12.59
3,30~40,18.8,17.48,44.23,44.23,16.75,16.07,18.18,18.31,18.31,15.81,15.81,17.43,17.43,16.98,16.98,12.65,12.65,16.7,15.11,17.76,17.76,18.8,17.84,14.97,13.18,12.57,12.57
4,40~50,16.34,15.76,30.07,30.07,15.91,19.32,17.8,16.93,16.93,15.51,15.51,18.0,18.0,16.68,16.68,12.38,12.38,15.66,11.16,16.6,16.6,16.34,16.57,13.37,12.38,11.54,11.54
5,50~60,13.92,14.56,36.22,36.22,14.89,22.22,18.44,14.89,14.89,14.81,14.81,17.26,17.26,15.8,15.8,13.83,13.83,14.67,8.29,15.24,15.24,13.92,16.23,13.81,13.11,11.06,11.06
6,60~70,13.02,12.59,36.38,36.38,13.52,22.02,18.67,12.59,12.59,13.73,13.73,15.15,15.15,13.75,13.75,13.98,13.98,15.67,6.01,12.98,12.98,13.02,15.06,13.75,13.01,11.39,11.39
7,70~80,11.14,11.44,20.06,20.06,12.7,18.95,18.79,9.77,9.77,14.67,14.67,14.17,14.17,11.75,11.75,14.73,14.73,15.41,4.06,11.06,11.06,11.14,13.36,13.53,12.27,10.87,10.87
8,80~90,11.12,11.53,20.0,20.0,11.87,15.55,18.17,8.25,8.25,13.97,13.97,12.98,12.98,11.19,11.19,14.3,14.3,14.77,2.3,10.63,10.63,11.12,11.11,13.02,11.52,10.83,10.83
9,90~100,11.66,10.31,21.52,21.52,11.56,12.71,14.72,7.25,7.25,12.77,12.77,12.12,12.12,10.63,10.63,13.52,13.52,14.67,1.84,10.38,10.38,11.66,9.46,12.23,10.29,11.41,11.41
10,100~110,12.35,9.53,19.47,19.47,12.08,11.92,12.21,6.47,6.47,12.23,12.23,11.53,11.53,10.34,10.34,13.44,13.44,16.32,2.51,11.19,11.19,12.35,8.91,11.93,9.86,10.77,10.77
11,110~120,13.46,8.69,9.98,9.98,11.3,14.09,11.83,7.42,7.42,12.09,12.09,11.88,11.88,11.01,11.01,13.34,13.34,14.94,2.33,12.92,12.92,13.46,9.46,12.59,11.08,9.47,9.47
12,120~130,14.07,8.05,22.08,22.08,10.27,16.81,12.71,8.36,8.36,11.48,11.48,12.65,12.65,11.1,11.1,13.98,13.98,15.07,3.14,14.8,14.8,14.07,10.47,14.18,13.3,9.58,9.58
13,130~140,15.15,8.49,18.78,18.78,9.55,18.66,13.75,8.57,8.57,11.84,11.84,13.48,13.48,11.2,11.2,14.72,14.72,15.45,4.79,16.94,16.94,15.15,12.08,16.65,15.83,9.45,9.45
14,140~150,16.44,8.29,25.63,25.63,9.54,19.82,15.32,9.53,9.53,9.87,9.87,15.17,15.17,11.85,11.85,15.96,15.96,13.98,7.41,19.0,19.0,16.44,13.12,19.02,17.28,10.7,10.7
15,150~160,17.93,8.17,27.01,27.01,9.88,20.62,16.76,10.34,10.34,9.12,9.12,16.05,16.05,12.16,12.16,17.73,17.73,14.77,9.01,21.28,21.28,17.93,13.42,20.74,18.53,9.29,9.29
16,160~170,18.83,8.76,16.97,16.97,10.63,21.16,17.82,10.8,10.8,10.51,10.51,17.1,17.1,12.69,12.69,18.82,18.82,13.51,10.32,23.34,23.34,18.83,13.43,22.19,18.82,9.41,9.41
17,170~180,19.51,9.37,12.52,12.52,11.07,21.96,18.84,12.92,12.92,9.04,9.04,18.47,18.47,13.15,13.15,20.1,20.1,14.48,11.37,24.85,24.85,19.51,14.15,22.83,18.79,10.4,10.4
18,180~190,20.01,9.62,14.85,14.85,10.06,22.09,19.76,12.43,12.43,9.27,9.27,19.11,19.11,13.27,13.27,21.52,21.52,14.58,12.84,25.71,25.71,20.01,15.04,23.02,18.78,11.41,11.41
19,190~200,20.54,10.23,9.38,9.38,11.51,23.4,20.57,13.06,13.06,8.18,8.18,20.5,20.5,13.09,13.09,21.73,21.73,14.91,14.18,26.2,26.2,20.54,16.9,23.43,19.41,9.97,9.97
20,200~210,21.92,10.78,25.42,25.42,12.6,24.88,21.15,12.91,12.91,8.33,8.33,20.56,20.56,13.69,13.69,23.45,23.45,13.74,16.48,26.44,26.44,21.92,18.64,23.84,20.15,10.52,10.52
21,210~220,22.0,12.0,3.2,3.2,12.04,25.07,21.22,13.06,13.06,8.32,8.32,22.55,22.55,14.87,14.87,23.55,23.55,11.53,17.46,26.85,26.85,22.0,20.24,23.99,20.52,10.62,10.62
22,220~230,23.22,12.1,9.2,9.2,12.44,25.28,22.28,13.66,13.66,9.41,9.41,23.15,23.15,13.36,13.36,24.14,24.14,11.9,18.25,27.56,27.56,23.22,21.55,24.95,21.85,11.2,11.2
23,230~240,24.39,11.61,24.98,24.98,12.9,25.7,23.38,13.95,13.95,9.31,9.31,25.04,25.04,13.37,13.37,24.32,24.32,13.04,18.64,28.7,28.7,24.39,22.35,24.84,22.66,11.24,11.24
24,240~250,23.88,10.06,7.51,7.51,9.34,25.16,22.92,14.06,14.06,9.74,9.74,25.64,25.64,13.15,13.15,24.1,24.1,14.75,20.55,28.91,28.91,23.88,22.98,25.0,22.56,8.77,8.77
