"# 2026-07-27 벌어진 컵 유리(8.3, 2, 4) — 슬롯별 예측 반지름(mm). 유효 슬롯 수는 모델별 예측높이/10mm 올림. 그 아래 행은 참고용."
슬롯,z구간_mm,★전문가결합(H=nodetach_bestH + r=uni),base_ratio.pt,base_ratio_smoke.pt,base_ratio_smoke_bestH.pt,base_ratio_v2.pt,rnn_continuity.pt,rnn_continuity_bestH.pt,rnn_d128_reg.pt,rnn_d128_reg_bestH.pt,rnn_nodetach_d128.pt,rnn_nodetach_d128_bestH.pt,rnn_ratio.pt,rnn_ratio_bestH.pt,rnn_ratio_nodetach.pt,rnn_ratio_nodetach_bestH.pt,rnn_ratio_v2a.pt,rnn_ratio_v2a_bestH.pt,rnn_reg.pt,rnn_reg_bestH.pt,rnn_rev.pt,rnn_rev_bestH.pt,rnn_uni.pt,rnn_uni_bestH.pt,rnn_uni_cont.pt,rnn_uni_cont_bestH.pt,set_reg.pt,set_reg_bestH.pt
0,0~10,27.13,14.43,30.47,30.47,13.76,34.52,27.64,25.49,25.49,21.23,21.23,28.41,28.41,23.26,23.26,22.13,22.13,21.19,24.25,25.18,25.18,27.13,34.07,26.77,25.77,14.56,14.56
1,10~20,25.42,14.31,45.1,45.1,12.5,32.0,25.34,25.03,25.03,21.44,21.44,26.9,26.9,21.52,21.52,20.92,20.92,20.35,23.05,22.48,22.48,25.42,30.69,24.31,21.68,13.23,13.23
2,20~30,23.26,13.18,30.95,30.95,12.81,25.87,21.77,24.17,24.17,20.43,20.43,24.89,24.89,19.97,19.97,18.62,18.62,19.87,20.76,19.82,19.82,23.26,23.25,20.1,15.56,13.59,13.59
3,30~40,20.42,12.15,43.82,43.82,12.97,19.54,18.13,22.9,22.9,20.98,20.98,21.06,21.06,18.11,18.11,16.89,16.89,20.37,18.02,17.69,17.69,20.42,14.78,16.21,12.6,13.56,13.56
4,40~50,17.92,11.18,29.8,29.8,12.51,19.32,16.49,21.57,21.57,20.32,20.32,20.21,20.21,17.44,17.44,16.39,16.39,19.65,13.77,16.87,16.87,17.92,10.51,13.45,11.58,12.47,12.47
5,50~60,16.1,10.84,35.85,35.85,11.25,21.01,17.14,18.9,18.9,20.12,20.12,18.88,18.88,15.82,15.82,17.38,17.38,17.73,11.54,17.21,17.21,16.1,10.62,12.67,11.16,12.76,12.76
6,60~70,15.68,10.46,35.97,35.97,10.66,22.4,17.02,14.62,14.62,18.54,18.54,14.1,14.1,13.28,13.28,18.13,18.13,18.39,9.6,17.34,17.34,15.68,10.13,11.68,10.83,12.74,12.74
7,70~80,15.61,9.88,19.94,19.94,10.03,22.47,16.97,10.77,10.77,19.0,19.0,12.08,12.08,11.21,11.21,17.87,17.87,17.6,8.28,16.29,16.29,15.61,9.27,12.06,10.44,12.25,12.25
8,80~90,15.97,10.08,19.76,19.76,9.58,21.18,16.86,8.83,8.83,16.94,16.94,11.29,11.29,10.84,10.84,17.81,17.81,16.94,7.29,14.92,14.92,15.97,8.01,11.18,9.92,12.51,12.51
9,90~100,16.51,9.36,21.3,21.3,9.61,18.13,16.02,7.8,7.8,15.42,15.42,10.95,10.95,9.96,9.96,17.4,17.4,15.48,7.08,13.1,13.1,16.51,6.54,11.19,10.15,12.05,12.05
10,100~110,17.31,8.99,19.3,19.3,10.27,15.0,14.77,7.56,7.56,14.39,14.39,10.19,10.19,9.84,9.84,17.48,17.48,16.51,7.72,13.19,13.19,17.31,6.26,10.98,10.09,11.99,11.99
11,110~120,17.14,8.7,9.92,9.92,9.95,15.69,14.95,9.15,9.15,13.11,13.11,10.76,10.76,10.22,10.22,17.81,17.81,14.0,8.04,14.91,14.91,17.14,6.91,12.97,12.79,9.98,9.98
12,120~130,16.71,8.3,21.86,21.86,9.17,17.44,16.06,10.78,10.78,11.55,11.55,11.29,11.29,9.53,9.53,17.49,17.49,12.87,9.28,17.44,17.44,16.71,8.93,15.93,16.74,10.44,10.44
13,130~140,16.91,8.53,18.66,18.66,8.73,19.7,17.84,11.4,11.4,11.92,11.92,11.64,11.64,8.96,8.96,18.44,18.44,11.94,10.62,19.79,19.79,16.91,9.98,18.88,20.04,10.0,10.0
14,140~150,17.01,7.88,25.27,25.27,8.75,21.44,19.59,12.66,12.66,8.49,8.49,13.21,13.21,9.62,9.62,18.89,18.89,10.64,12.45,22.36,22.36,17.01,11.8,21.97,22.37,10.55,10.55
15,150~160,17.96,8.58,26.8,26.8,9.13,23.05,20.39,13.36,13.36,7.75,7.75,14.07,14.07,10.22,10.22,19.89,19.89,10.08,13.55,24.59,24.59,17.96,14.42,24.41,24.78,9.61,9.61
16,160~170,18.23,8.45,16.91,16.91,9.86,23.9,22.12,13.72,13.72,8.85,8.85,14.47,14.47,10.35,10.35,20.7,20.7,8.47,14.3,25.25,25.25,18.23,16.38,26.17,26.31,9.5,9.5
17,170~180,18.87,10.1,12.42,12.42,10.38,25.15,23.54,15.61,15.61,7.09,7.09,14.98,14.98,12.13,12.13,21.28,21.28,8.94,14.88,25.68,25.68,18.87,17.02,27.05,27.12,10.29,10.29
18,180~190,19.39,9.89,14.74,14.74,9.63,26.65,23.66,15.17,15.17,7.69,7.69,16.01,16.01,11.89,11.89,22.19,22.19,8.84,15.11,25.6,25.6,19.39,17.79,27.96,28.04,10.07,10.07
19,190~200,20.06,9.95,9.41,9.41,10.72,29.53,24.5,15.64,15.64,6.22,6.22,17.37,17.37,12.09,12.09,22.67,22.67,9.44,15.97,25.37,25.37,20.06,20.12,28.63,29.68,10.0,10.0
20,200~210,20.96,10.37,25.14,25.14,11.82,31.81,24.42,15.36,15.36,6.31,6.31,18.32,18.32,13.21,13.21,24.38,24.38,7.61,17.18,25.77,25.77,20.96,22.72,29.69,31.14,9.91,9.91
21,210~220,20.86,11.84,3.14,3.14,11.34,33.2,25.58,15.44,15.44,5.97,5.97,19.67,19.67,14.11,14.11,23.73,23.73,4.56,18.23,26.57,26.57,20.86,23.69,30.37,32.69,9.69,9.69
22,220~230,21.21,11.53,9.2,9.2,11.47,33.47,26.33,16.18,16.18,6.53,6.53,20.56,20.56,12.01,12.01,25.0,25.0,4.14,18.73,27.09,27.09,21.21,24.68,32.01,35.59,10.49,10.49
23,230~240,23.15,11.56,24.8,24.8,11.73,34.12,27.56,16.44,16.44,6.46,6.46,20.9,20.9,12.83,12.83,24.79,24.79,5.54,19.09,28.43,28.43,23.15,25.21,31.44,36.74,10.67,10.67
24,240~250,21.39,10.72,7.42,7.42,8.95,34.53,28.14,16.91,16.91,7.36,7.36,22.11,22.11,13.87,13.87,24.7,24.7,7.48,20.77,28.07,28.07,21.39,25.67,31.41,36.9,8.16,8.16
