"# 2026-07-23 벌어진 컵 3D프린터(10, 1.5, 3.5) — 슬롯별 예측 반지름(mm). 유효 슬롯 수는 모델별 예측높이/10mm 올림. 그 아래 행은 참고용."
슬롯,z구간_mm,★전문가결합(H=nodetach_bestH + r=uni),base_ratio.pt,base_ratio_smoke.pt,base_ratio_smoke_bestH.pt,base_ratio_v2.pt,rnn_continuity.pt,rnn_continuity_bestH.pt,rnn_d128_reg.pt,rnn_d128_reg_bestH.pt,rnn_nodetach_d128.pt,rnn_nodetach_d128_bestH.pt,rnn_ratio.pt,rnn_ratio_bestH.pt,rnn_ratio_nodetach.pt,rnn_ratio_nodetach_bestH.pt,rnn_ratio_v2a.pt,rnn_ratio_v2a_bestH.pt,rnn_reg.pt,rnn_reg_bestH.pt,rnn_rev.pt,rnn_rev_bestH.pt,rnn_uni.pt,rnn_uni_bestH.pt,rnn_uni_cont.pt,rnn_uni_cont_bestH.pt,set_reg.pt,set_reg_bestH.pt
0,0~10,24.57,19.09,30.59,30.59,16.43,30.97,28.74,21.35,21.35,16.49,16.49,28.46,28.46,19.96,19.96,16.6,16.6,17.48,20.1,21.44,21.44,24.57,31.6,26.52,28.27,12.73,12.73
1,10~20,22.61,19.15,45.21,45.21,15.43,28.38,27.18,20.59,20.59,17.35,17.35,26.17,26.17,18.97,18.97,15.35,15.35,15.82,18.6,19.23,19.23,22.61,30.13,24.5,25.47,11.24,11.24
2,20~30,20.72,16.91,31.07,31.07,15.22,25.24,24.94,19.6,19.6,15.83,15.83,24.13,24.13,17.91,17.91,13.65,13.65,15.31,16.23,17.98,17.98,20.72,26.54,21.4,20.85,11.81,11.81
3,30~40,17.87,15.12,43.9,43.9,15.43,20.8,22.07,18.14,18.14,16.28,16.28,19.99,19.99,15.73,15.73,11.97,11.97,16.32,13.76,16.71,16.71,17.87,22.28,18.13,17.86,11.61,11.61
4,40~50,14.4,13.64,29.83,29.83,14.47,16.81,17.1,16.23,16.23,15.64,15.64,18.44,18.44,15.35,15.35,10.23,10.23,15.17,10.1,16.16,16.16,14.4,17.44,13.69,15.66,10.37,10.37
5,50~60,11.83,12.64,35.9,35.9,13.47,14.44,16.48,13.31,13.31,15.31,15.31,15.87,15.87,13.97,13.97,10.41,10.41,13.87,7.18,15.9,15.9,11.83,12.36,11.86,13.66,10.37,10.37
6,60~70,10.7,11.15,36.09,36.09,12.12,13.67,14.93,9.99,9.99,14.0,14.0,12.32,12.32,11.9,11.9,9.8,9.8,14.56,5.68,15.52,15.52,10.7,8.05,9.95,12.62,9.85,9.85
7,70~80,9.05,10.46,20.04,20.04,11.65,11.72,12.01,6.87,6.87,14.23,14.23,9.75,9.75,9.8,9.8,9.52,9.52,13.95,4.14,14.15,14.15,9.05,6.55,9.45,11.78,9.46,9.46
8,80~90,10.04,10.34,19.85,19.85,10.68,10.48,11.14,5.65,5.65,13.41,13.41,8.13,8.13,9.28,9.28,9.12,9.12,12.9,2.37,12.92,12.92,10.04,5.2,8.46,11.3,9.61,9.61
9,90~100,11.02,9.28,21.38,21.38,10.54,9.66,10.61,5.28,5.28,11.46,11.46,7.41,7.41,8.96,8.96,8.79,8.79,12.49,2.23,11.56,11.56,11.02,4.11,8.57,10.31,9.93,9.93
10,100~110,12.13,8.94,19.31,19.31,11.55,9.59,9.9,4.56,4.56,11.12,11.12,7.09,7.09,8.35,8.35,9.09,9.09,13.8,2.78,11.41,11.41,12.13,3.6,8.77,8.98,9.94,9.94
11,110~120,13.37,7.84,9.86,9.86,11.14,10.68,10.04,6.34,6.34,10.05,10.05,7.59,7.59,9.15,9.15,9.4,9.4,11.76,2.65,13.43,13.43,13.37,3.95,10.46,10.1,8.63,8.63
12,120~130,13.46,7.44,21.96,21.96,10.41,11.0,10.34,6.77,6.77,9.18,9.18,7.62,7.62,9.09,9.09,9.53,9.53,11.43,3.21,15.45,15.45,13.46,6.31,12.07,12.25,8.42,8.42
13,130~140,14.25,8.32,18.7,18.7,9.9,11.99,11.21,6.77,6.77,9.35,9.35,8.49,8.49,8.92,8.92,10.03,10.03,11.08,4.19,17.37,17.37,14.25,9.39,14.1,15.05,8.39,8.39
14,140~150,15.37,7.86,25.4,25.4,10.13,14.38,12.59,7.81,7.81,7.31,7.31,10.12,10.12,9.26,9.26,11.06,11.06,9.79,6.34,19.57,19.57,15.37,11.99,15.52,16.7,9.38,9.38
15,150~160,16.65,7.94,26.78,26.78,10.79,16.68,14.11,7.87,7.87,5.96,5.96,10.5,10.5,10.11,10.11,11.93,11.93,9.8,7.31,21.59,21.59,16.65,14.77,16.91,18.5,8.64,8.64
16,160~170,17.24,8.53,16.91,16.91,11.55,16.41,14.97,7.68,7.68,7.53,7.53,10.96,10.96,10.41,10.41,13.54,13.54,8.63,7.87,22.27,22.27,17.24,15.58,17.75,19.46,8.61,8.61
17,170~180,18.29,10.0,12.5,12.5,12.14,16.07,16.07,10.06,10.06,6.23,6.23,12.4,12.4,11.94,11.94,14.07,14.07,9.34,8.23,23.05,23.05,18.29,16.09,17.92,20.56,9.91,9.91
18,180~190,18.75,9.9,14.79,14.79,11.3,16.26,15.33,9.52,9.52,6.16,6.16,13.42,13.42,11.63,11.63,15.34,15.34,9.43,9.47,23.7,23.7,18.75,15.97,18.25,22.08,10.74,10.74
19,190~200,19.05,10.25,9.42,9.42,12.76,18.98,15.61,9.01,9.01,5.03,5.03,14.64,14.64,11.45,11.45,15.82,15.82,10.21,10.82,24.37,24.37,19.05,17.48,18.92,24.05,9.69,9.69
20,200~210,20.98,10.61,25.18,25.18,13.5,21.9,15.32,9.56,9.56,5.75,5.75,15.64,15.64,12.16,12.16,17.34,17.34,8.47,12.61,25.56,25.56,20.98,18.98,19.24,25.76,10.14,10.14
21,210~220,20.74,11.65,3.23,3.23,13.4,24.88,16.3,9.2,9.2,5.35,5.35,17.8,17.8,13.17,13.17,16.96,16.96,6.15,13.37,26.79,26.79,20.74,20.78,19.68,27.32,10.35,10.35
22,220~230,21.88,11.94,9.16,9.16,13.44,27.09,17.17,9.86,9.86,6.23,6.23,17.82,17.82,11.76,11.76,17.95,17.95,5.98,13.83,28.26,28.26,21.88,21.82,20.92,29.46,10.56,10.56
23,230~240,23.49,11.81,24.83,24.83,14.03,28.85,18.53,10.29,10.29,6.44,6.44,18.71,18.71,11.77,11.77,18.03,18.03,7.53,14.21,29.62,29.62,23.49,21.21,20.89,30.97,10.43,10.43
24,240~250,22.27,10.41,7.45,7.45,10.82,30.21,18.37,9.94,9.94,6.46,6.46,20.46,20.46,12.26,12.26,17.71,17.71,9.15,16.12,29.45,29.45,22.27,21.36,21.18,31.26,8.77,8.77
