"# 2026-07-27 매스실린더(18, 1.1) — 슬롯별 예측 반지름(mm). 유효 슬롯 수는 모델별 예측높이/10mm 올림. 그 아래 행은 참고용."
슬롯,z구간_mm,★전문가결합(H=nodetach_bestH + r=uni),base_ratio.pt,base_ratio_smoke.pt,base_ratio_smoke_bestH.pt,base_ratio_v2.pt,rnn_continuity.pt,rnn_continuity_bestH.pt,rnn_d128_reg.pt,rnn_d128_reg_bestH.pt,rnn_nodetach_d128.pt,rnn_nodetach_d128_bestH.pt,rnn_ratio.pt,rnn_ratio_bestH.pt,rnn_ratio_nodetach.pt,rnn_ratio_nodetach_bestH.pt,rnn_ratio_v2a.pt,rnn_ratio_v2a_bestH.pt,rnn_reg.pt,rnn_reg_bestH.pt,rnn_rev.pt,rnn_rev_bestH.pt,rnn_uni.pt,rnn_uni_bestH.pt,rnn_uni_cont.pt,rnn_uni_cont_bestH.pt,set_reg.pt,set_reg_bestH.pt
0,0~10,13.04,19.76,28.94,28.94,15.65,14.43,17.1,16.62,16.62,13.91,13.91,12.82,12.82,17.12,17.12,17.48,17.48,14.28,16.47,15.69,15.69,13.04,18.18,18.85,19.5,13.64,13.64
1,10~20,12.25,19.92,42.77,42.77,14.99,13.05,15.47,15.69,15.69,15.15,15.15,11.86,11.86,16.34,16.34,15.88,15.88,13.65,15.45,15.18,15.18,12.25,17.29,16.77,17.27,11.91,11.91
2,20~30,11.11,18.07,29.51,29.51,14.2,12.41,13.82,13.89,13.89,13.48,13.48,11.7,11.7,16.3,16.3,14.12,14.12,12.66,13.86,14.88,14.88,11.11,16.14,14.27,14.23,12.96,12.96
3,30~40,10.19,15.81,41.61,41.61,13.48,12.37,13.07,12.41,12.41,13.61,13.61,11.5,11.5,15.43,15.43,12.09,12.09,12.88,12.2,14.96,14.96,10.19,14.44,11.77,11.41,12.86,12.86
4,40~50,9.65,13.45,28.35,28.35,12.27,13.74,11.62,10.52,10.52,13.13,13.13,11.79,11.79,13.57,13.57,9.2,9.2,12.62,10.84,14.46,14.46,9.65,12.83,9.59,9.54,10.95,10.95
5,50~60,9.29,11.64,34.09,34.09,11.7,14.44,11.43,8.24,8.24,12.12,12.12,12.03,12.03,12.25,12.25,8.61,8.61,11.46,9.26,13.96,13.96,9.29,11.57,7.39,8.11,10.98,10.98
6,60~70,8.48,9.41,34.11,34.11,10.65,13.93,10.24,6.9,6.9,11.09,11.09,11.58,11.58,10.14,10.14,6.43,6.43,10.65,7.64,13.1,13.1,8.48,10.69,6.47,7.84,9.36,9.36
7,70~80,7.68,8.71,19.13,19.13,9.71,12.95,10.37,5.7,5.7,10.76,10.76,11.15,11.15,8.82,8.82,4.88,4.88,9.88,7.08,11.53,11.53,7.68,9.6,7.07,7.29,9.12,9.12
8,80~90,7.57,8.17,19.2,19.2,8.79,11.72,9.35,5.44,5.44,10.92,10.92,9.15,9.15,7.64,7.64,4.89,4.89,8.91,4.49,10.46,10.46,7.57,8.22,7.35,7.52,8.12,8.12
9,90~100,7.21,7.03,20.39,20.39,8.12,10.3,7.68,4.32,4.32,8.57,8.57,8.13,8.13,7.2,7.2,4.91,4.91,8.53,3.0,9.84,9.84,7.21,6.89,7.55,7.53,8.56,8.56
10,100~110,7.22,5.91,18.38,18.38,8.65,8.82,7.15,3.14,3.14,8.22,8.22,7.14,7.14,5.57,5.57,5.32,5.32,9.07,1.91,8.98,8.98,7.22,6.29,7.28,7.16,7.39,7.39
11,110~120,6.59,5.14,9.54,9.54,7.96,8.27,7.37,3.83,3.83,7.43,7.43,6.34,6.34,5.8,5.8,5.12,5.12,7.72,1.13,8.62,8.62,6.59,6.48,7.35,7.19,6.46,6.46
12,120~130,6.95,4.41,21.05,21.05,6.93,8.16,7.08,3.39,3.39,6.3,6.3,5.97,5.97,5.57,5.57,4.76,4.76,7.56,1.07,8.11,8.11,6.95,6.47,7.68,7.47,6.17,6.17
13,130~140,6.95,4.84,18.01,18.01,5.92,7.77,6.47,3.6,3.6,5.51,5.51,6.03,6.03,4.77,4.77,5.3,5.3,6.49,1.83,8.09,8.09,6.95,6.71,7.64,7.63,5.77,5.77
14,140~150,6.64,5.3,23.88,23.88,5.86,8.02,6.88,4.33,4.33,5.21,5.21,6.04,6.04,4.36,4.36,5.57,5.57,6.42,2.39,8.1,8.1,6.64,7.24,7.44,7.74,5.83,5.83
15,150~160,6.62,5.34,25.37,25.37,6.31,8.26,7.21,4.47,4.47,4.23,4.23,6.72,6.72,5.23,5.23,5.81,5.81,6.42,3.34,7.96,7.96,6.62,7.26,7.25,7.92,5.32,5.32
16,160~170,6.61,6.66,16.08,16.08,6.85,8.85,7.94,4.24,4.24,5.38,5.38,6.44,6.44,5.5,5.5,6.52,6.52,5.69,3.65,7.5,7.5,6.61,7.06,7.85,8.01,4.66,4.66
17,170~180,6.68,6.58,11.93,11.93,7.48,9.87,8.1,5.56,5.56,4.71,4.71,5.88,5.88,4.21,4.21,7.95,7.95,6.24,3.56,7.43,7.43,6.68,7.49,7.91,8.13,5.87,5.87
18,180~190,7.38,7.3,14.06,14.06,6.64,10.9,9.14,5.32,5.32,3.74,3.74,6.61,6.61,5.56,5.56,6.58,6.58,5.78,4.88,7.79,7.79,7.38,7.72,8.74,8.63,6.04,6.04
19,190~200,7.66,8.18,8.98,8.98,8.02,12.36,9.94,5.13,5.13,3.38,3.38,6.73,6.73,5.12,5.12,7.33,7.33,6.6,5.67,8.01,8.01,7.66,9.14,8.84,8.83,5.26,5.26
20,200~210,7.18,8.29,23.84,23.84,9.28,13.72,10.25,5.73,5.73,4.46,4.46,6.65,6.65,4.84,4.84,8.41,8.41,6.39,6.04,8.55,8.55,7.18,10.25,8.92,9.32,5.64,5.64
21,210~220,7.84,9.28,3.21,3.21,9.11,15.46,11.16,5.7,5.7,3.99,3.99,7.25,7.25,5.47,5.47,8.83,8.83,3.87,6.35,8.99,8.99,7.84,10.88,9.44,9.81,5.01,5.01
22,220~230,8.44,9.7,8.92,8.92,8.99,16.57,11.9,6.1,6.1,3.95,3.95,7.41,7.41,5.11,5.11,8.61,8.61,4.57,7.07,9.4,9.4,8.44,11.26,9.51,10.21,6.18,6.18
23,230~240,8.04,8.95,23.83,23.83,8.99,17.59,11.81,6.38,6.38,4.77,4.77,7.51,7.51,5.38,5.38,7.66,7.66,5.62,7.41,9.87,9.87,8.04,11.23,9.36,10.21,5.92,5.92
24,240~250,7.38,8.35,7.32,7.32,7.17,18.21,12.22,5.89,5.89,5.3,5.3,8.32,8.32,4.31,4.31,8.55,8.55,7.03,7.57,10.07,10.07,7.38,11.39,9.9,10.23,4.51,4.51
